<?xml version="1.0" encoding="UTF-8"?>
<project-private xmlns="http://www.netbeans.org/ns/project-private/1">
    <editor-bookmarks xmlns="http://www.netbeans.org/ns/editor-bookmarks/2" lastBookmarkId="0"/>
    <open-files xmlns="http://www.netbeans.org/ns/projectui-open-files/2">
        <group>
            <file>file:/C:/Users/Anthony%20Broussard/Desktop/CS3300/Class%20Project/Java3300Project/src/java3300project/Pet.java</file>
            <file>file:/C:/Users/Anthony%20Broussard/Desktop/CS3300/Class%20Project/Java3300Project/src/java3300project/Java3300Project.java</file>
            <file>file:/C:/Users/Anthony%20Broussard/Desktop/CS3300/Class%20Project/Java3300Project/src/java3300project/AnimalSpeciesException.java</file>
        </group>
    </open-files>
</project-private>
